{
  "detection": {
    "prec": 0.9950657894736842,
    "rec": 0.9162039374053509,
    "f1": 0.9540078843626807
  },
  "selection": {
    "mrr@5": 0.8395181778361802,
    "r@1": 0.8010512483574245,
    "r@5": 0.8925098554533508
  },
  "generation": {
    "bleu-1": 0.3373686411643885,
    "bleu-2": 0.21310040499843952,
    "bleu-3": 0.13761215258683068,
    "bleu-4": 0.08849614883704747,
    "meteor": 0.352627803312106,
    "rouge_1": 0.37804396482266844,
    "rouge_2": 0.1736004276373586,
    "rouge_l": 0.33761799943189214
  }
}