{
  "detection": {
    "prec": 0.9922865013774105,
    "rec": 0.9091367995961636,
    "f1": 0.9488935721812435
  },
  "selection": {
    "mrr@5": 0.83277133825079,
    "r@1": 0.7950474183350895,
    "r@5": 0.8851422550052687
  },
  "generation": {
    "bleu-1": 0.3232954119409644,
    "bleu-2": 0.19278107978802853,
    "bleu-3": 0.11727035775680815,
    "bleu-4": 0.07596873190665221,
    "meteor": 0.3205689981518796,
    "rouge_1": 0.36121545261628596,
    "rouge_2": 0.15303021329044372,
    "rouge_l": 0.32088562091687023
  }
}