{
  "detection": {
    "prec": 0.9922865013774105,
    "rec": 0.9091367995961636,
    "f1": 0.9488935721812435
  },
  "selection": {
    "mrr@5": 0.83277133825079,
    "r@1": 0.7950474183350895,
    "r@5": 0.8851422550052687
  },
  "generation": {
    "bleu-1": 0.3383692440473416,
    "bleu-2": 0.20493805439831336,
    "bleu-3": 0.12405231771936799,
    "bleu-4": 0.08327512503255403,
    "meteor": 0.33828281539423927,
    "rouge_1": 0.3776468282909034,
    "rouge_2": 0.16300583238436825,
    "rouge_l": 0.33765035453711806
  }
}