{
  "detection": {
    "prec": 0.9950657894736842,
    "rec": 0.9162039374053509,
    "f1": 0.9540078843626807
  },
  "selection": {
    "mrr@5": 0.8395181778361802,
    "r@1": 0.8010512483574245,
    "r@5": 0.8925098554533508
  },
  "generation": {
    "bleu-1": 0.323068079797716,
    "bleu-2": 0.19108525865827197,
    "bleu-3": 0.11398865961204009,
    "bleu-4": 0.07287655070272275,
    "meteor": 0.3218503690705006,
    "rouge_1": 0.3610587552077649,
    "rouge_2": 0.1508946832831233,
    "rouge_l": 0.32312539137761404
  }
}