{
  "detection": {
    "prec": 0.9950657894736842,
    "rec": 0.9162039374053509,
    "f1": 0.9540078843626807
  },
  "selection": {
    "mrr@5": 0.8395181778361802,
    "r@1": 0.8010512483574245,
    "r@5": 0.8925098554533508
  },
  "generation": {
    "bleu-1": 0.3411018035183977,
    "bleu-2": 0.20664754164379223,
    "bleu-3": 0.12510967094412345,
    "bleu-4": 0.08389001866356079,
    "meteor": 0.3410853891073074,
    "rouge_1": 0.3804619102862284,
    "rouge_2": 0.1642570081953019,
    "rouge_l": 0.34010548453766304
  }
}