{
  "detection": {
    "prec": 0.9794073329984933,
    "rec": 0.9843513377082281,
    "f1": 0.9818731117824774
  },
  "selection": {
    "mrr@5": 0.8832074521651557,
    "r@1": 0.8434038267875127,
    "r@5": 0.9425981873111782
  },
  "generation": {
    "bleu-1": 0.3787472498794214,
    "bleu-2": 0.23955273003679348,
    "bleu-3": 0.14481752349876645,
    "bleu-4": 0.09851239784273874,
    "meteor": 0.3902044434954222,
    "rouge_1": 0.42110743573305554,
    "rouge_2": 0.18936985541884982,
    "rouge_l": 0.3618802096753272
  }
}