{
  "detection": {
    "prec": 0.9794073329984933,
    "rec": 0.9843513377082281,
    "f1": 0.9818731117824774
  },
  "selection": {
    "mrr@5": 0.8832074521651557,
    "r@1": 0.8434038267875127,
    "r@5": 0.9425981873111782
  },
  "generation": {
    "bleu-1": 0.30936460431533486,
    "bleu-2": 0.18032732235303733,
    "bleu-3": 0.10765286290010387,
    "bleu-4": 0.06761670461175792,
    "meteor": 0.31321618379208804,
    "rouge_1": 0.3476516544121379,
    "rouge_2": 0.14352071185499657,
    "rouge_l": 0.3099503166367259
  }
}