{
  "detection": {
    "prec": 0.9794073329984933,
    "rec": 0.9843513377082281,
    "f1": 0.9818731117824774
  },
  "selection": {
    "mrr@5": 0.8832074521651557,
    "r@1": 0.8434038267875127,
    "r@5": 0.9425981873111782
  },
  "generation": {
    "bleu-1": 0.31788666614887234,
    "bleu-2": 0.19675290801654036,
    "bleu-3": 0.11997122540062229,
    "bleu-4": 0.07424087387205418,
    "meteor": 0.3400468733085178,
    "rouge_1": 0.358251114026706,
    "rouge_2": 0.15819042038353495,
    "rouge_l": 0.3155666748941453
  }
}