{
  "detection": {
    "prec": 0.9794073329984933,
    "rec": 0.9843513377082281,
    "f1": 0.9818731117824774
  },
  "selection": {
    "mrr@5": 0.8832074521651557,
    "r@1": 0.8434038267875127,
    "r@5": 0.9425981873111782
  },
  "generation": {
    "bleu-1": 0.32154346162553255,
    "bleu-2": 0.20154013591601438,
    "bleu-3": 0.12537493642800582,
    "bleu-4": 0.07887056844892515,
    "meteor": 0.3439841185165568,
    "rouge_1": 0.36224636656484827,
    "rouge_2": 0.16283590977453538,
    "rouge_l": 0.32087476287743216
  }
}