{
  "detection": {
    "prec": 0.9966759002770084,
    "rec": 0.9081272084805654,
    "f1": 0.9503433703116746
  },
  "selection": {
    "mrr@5": 0.8549744673357983,
    "r@1": 0.8172213417855256,
    "r@5": 0.9117802430005283
  },
  "generation": {
    "bleu-1": 0.3092919298270508,
    "bleu-2": 0.1934897963743063,
    "bleu-3": 0.11980390216453263,
    "bleu-4": 0.0750602423968674,
    "meteor": 0.3345643552700861,
    "rouge_1": 0.3480299670640697,
    "rouge_2": 0.15672615429052855,
    "rouge_l": 0.3110058348097026
  }
}