{
  "detection": {
    "prec": 0.9894055326662743,
    "rec": 0.8485613326602726,
    "f1": 0.9135869565217392
  },
  "selection": {
    "mrr@5": 0.8423278985507243,
    "r@1": 0.8211956521739131,
    "r@5": 0.8744565217391304
  },
  "generation": {
    "bleu-1": 0.34548665685410496,
    "bleu-2": 0.22433780030211892,
    "bleu-3": 0.14844584422783583,
    "bleu-4": 0.09862526421741914,
    "meteor": 0.351536090631121,
    "rouge_1": 0.3879354233733843,
    "rouge_2": 0.18630957259351855,
    "rouge_l": 0.34957814786410335
  }
}