{
  "detection": {
    "prec": 0.9894055326662743,
    "rec": 0.8485613326602726,
    "f1": 0.9135869565217392
  },
  "selection": {
    "mrr@5": 0.8478804347826084,
    "r@1": 0.8228260869565217,
    "r@5": 0.8880434782608695
  },
  "generation": {
    "bleu-1": 0.3458010917422772,
    "bleu-2": 0.2252014318461337,
    "bleu-3": 0.1509860994010743,
    "bleu-4": 0.10246045940415173,
    "meteor": 0.35171312112698416,
    "rouge_1": 0.38734338681359387,
    "rouge_2": 0.187797640891314,
    "rouge_l": 0.3509006568985712
  }
}