{
  "detection": {
    "prec": 0.9926966292134831,
    "rec": 0.8919737506309945,
    "f1": 0.9396437117787823
  },
  "selection": {
    "mrr@5": 0.8530000886289103,
    "r@1": 0.8269077373039087,
    "r@5": 0.8955065142249402
  },
  "generation": {
    "bleu-1": 0.35507957436345156,
    "bleu-2": 0.2299813684574498,
    "bleu-3": 0.15321047089686907,
    "bleu-4": 0.10396758715746368,
    "meteor": 0.35944743206983204,
    "rouge_1": 0.39761945803627224,
    "rouge_2": 0.19065259980971064,
    "rouge_l": 0.3570325736195476
  }
}