{
  "detection": {
    "prec": 0.9926966292134831,
    "rec": 0.8919737506309945,
    "f1": 0.9396437117787823
  },
  "selection": {
    "mrr@5": 0.8517504209873257,
    "r@1": 0.8258441903749003,
    "r@5": 0.890188779579899
  },
  "generation": {
    "bleu-1": 0.3515161953973445,
    "bleu-2": 0.226549933639882,
    "bleu-3": 0.14962225921382627,
    "bleu-4": 0.09832224679684917,
    "meteor": 0.3575428813149018,
    "rouge_1": 0.39594127924871364,
    "rouge_2": 0.18781456855647144,
    "rouge_l": 0.3575970674477109
  }
}