{
  "detection": {
    "prec": 0.9894055326662743,
    "rec": 0.8485613326602726,
    "f1": 0.9135869565217392
  },
  "selection": {
    "mrr@5": 0.8440760869565215,
    "r@1": 0.8228260869565217,
    "r@5": 0.8804347826086957
  },
  "generation": {
    "bleu-1": 0.3451406288506594,
    "bleu-2": 0.22463305876324263,
    "bleu-3": 0.1490707297395884,
    "bleu-4": 0.10102724540630657,
    "meteor": 0.3517843668397323,
    "rouge_1": 0.38731458862010737,
    "rouge_2": 0.18689286458020343,
    "rouge_l": 0.35036887477129947
  }
}