{
  "detection": {
    "prec": 0.992619926199262,
    "rec": 0.950530035335689,
    "f1": 0.9711191335740073
  },
  "selection": {
    "mrr@5": 0.8925734914904588,
    "r@1": 0.8607529654461064,
    "r@5": 0.9334708612686953
  },
  "generation": {
    "bleu-1": 0.36083076067663367,
    "bleu-2": 0.2255691516841906,
    "bleu-3": 0.13934344180602815,
    "bleu-4": 0.09519996674338396,
    "meteor": 0.36244511617182795,
    "rouge_1": 0.396717141457141,
    "rouge_2": 0.17853580267764946,
    "rouge_l": 0.3522994538708987
  }
}