{
  "detection": {
    "prec": 0.992619926199262,
    "rec": 0.950530035335689,
    "f1": 0.9711191335740073
  },
  "selection": {
    "mrr@5": 0.8805483926422552,
    "r@1": 0.8401237751418257,
    "r@5": 0.9334708612686953
  },
  "generation": {
    "bleu-1": 0.3600556602399431,
    "bleu-2": 0.22558384125408912,
    "bleu-3": 0.1397508011421602,
    "bleu-4": 0.09590006439258145,
    "meteor": 0.36201697359721197,
    "rouge_1": 0.39619590780179864,
    "rouge_2": 0.17891518517339527,
    "rouge_l": 0.3522593745917705
  }
}