{
  "detection": {
    "prec": 0.992619926199262,
    "rec": 0.950530035335689,
    "f1": 0.9711191335740073
  },
  "selection": {
    "mrr@5": 0.8923156266116553,
    "r@1": 0.8602372356884993,
    "r@5": 0.9334708612686953
  },
  "generation": {
    "bleu-1": 0.3609364365377479,
    "bleu-2": 0.2258605425228478,
    "bleu-3": 0.13974417253116986,
    "bleu-4": 0.09572806829957096,
    "meteor": 0.3624505136500731,
    "rouge_1": 0.39687423862775467,
    "rouge_2": 0.17895729581204248,
    "rouge_l": 0.35255870733933387
  }
}