{
  "detection": {
    "prec": 0.992619926199262,
    "rec": 0.950530035335689,
    "f1": 0.9711191335740073
  },
  "selection": {
    "mrr@5": 0.8940089393157984,
    "r@1": 0.8628158844765342,
    "r@5": 0.9345023207839093
  },
  "generation": {
    "bleu-1": 0.36186991405022334,
    "bleu-2": 0.22692127319461267,
    "bleu-3": 0.14055208826428164,
    "bleu-4": 0.09641320593289071,
    "meteor": 0.3637402816809549,
    "rouge_1": 0.39791526954299006,
    "rouge_2": 0.1798745415431886,
    "rouge_l": 0.353517744299243
  }
}