{
  "detection": {
    "prec": 0.992619926199262,
    "rec": 0.950530035335689,
    "f1": 0.9711191335740073
  },
  "selection": {
    "mrr@5": 0.8797747980058447,
    "r@1": 0.8385765858690046,
    "r@5": 0.9334708612686953
  },
  "generation": {
    "bleu-1": 0.36025019485402654,
    "bleu-2": 0.22574239446945626,
    "bleu-3": 0.13958892508616183,
    "bleu-4": 0.09571952095155031,
    "meteor": 0.36240751262779974,
    "rouge_1": 0.39632926993985285,
    "rouge_2": 0.17882802162641154,
    "rouge_l": 0.3520179436204731
  }
}