{
  "detection": {
    "prec": 0.9859958506224067,
    "rec": 0.9596163553760727,
    "f1": 0.9726272704016373
  },
  "selection": {
    "mrr@5": 0.9399846508058327,
    "r@1": 0.9158352519826043,
    "r@5": 0.9669992325402916
  },
  "generation": {
    "bleu-1": 0.3683557585489592,
    "bleu-2": 0.2373572986507487,
    "bleu-3": 0.15313397121153105,
    "bleu-4": 0.10301314362139764,
    "meteor": 0.37188209861526306,
    "rouge_1": 0.4112520892612614,
    "rouge_2": 0.1938187621028995,
    "rouge_l": 0.3692015521574097
  }
}