{
  "detection": {
    "prec": 0.9924932975871313,
    "rec": 0.9343765774861181,
    "f1": 0.9625585023400935
  },
  "selection": {
    "mrr@5": 0.8967412029814527,
    "r@1": 0.8668746749869994,
    "r@5": 0.9334373374934997
  },
  "generation": {
    "bleu-1": 0.37275526003659865,
    "bleu-2": 0.24808930778465715,
    "bleu-3": 0.16892760020120678,
    "bleu-4": 0.11549616894030684,
    "meteor": 0.3837367286908173,
    "rouge_1": 0.4162058815251917,
    "rouge_2": 0.20732014342113392,
    "rouge_l": 0.37833083569145953
  }
}