{
  "detection": {
    "prec": 0.9924932975871313,
    "rec": 0.9343765774861181,
    "f1": 0.9625585023400935
  },
  "selection": {
    "mrr@5": 0.8476339053562143,
    "r@1": 0.8476339053562143,
    "r@5": 0.8476339053562143
  },
  "generation": {
    "bleu-1": 0.3701412786550535,
    "bleu-2": 0.24636181213400898,
    "bleu-3": 0.16766788777402297,
    "bleu-4": 0.11472549878569042,
    "meteor": 0.38073768845216027,
    "rouge_1": 0.41314731615013617,
    "rouge_2": 0.20588433617171303,
    "rouge_l": 0.3761886184296568
  }
}