{
  "detection": {
    "prec": 0.9879011046817464,
    "rec": 0.9480060575466935,
    "f1": 0.9675425038639877
  },
  "selection": {
    "mrr@5": 0.8892065945388977,
    "r@1": 0.8521380731581659,
    "r@5": 0.9376609994848016
  },
  "generation": {
    "bleu-1": 0.371726615844531,
    "bleu-2": 0.24740471572778608,
    "bleu-3": 0.16812839001473157,
    "bleu-4": 0.1149580088319032,
    "meteor": 0.3829635969309515,
    "rouge_1": 0.4150580808996985,
    "rouge_2": 0.20674652980361846,
    "rouge_l": 0.37782446917756196
  }
}