{
  "detection": {
    "prec": 0.9924932975871313,
    "rec": 0.9343765774861181,
    "f1": 0.9625585023400935
  },
  "selection": {
    "mrr@5": 0.8858294331773272,
    "r@1": 0.8497139885595425,
    "r@5": 0.9334373374934997
  },
  "generation": {
    "bleu-1": 0.37023972279459594,
    "bleu-2": 0.2464666143126289,
    "bleu-3": 0.1677062970641971,
    "bleu-4": 0.11471791354695433,
    "meteor": 0.38134106896708364,
    "rouge_1": 0.4134102066353472,
    "rouge_2": 0.20603882666071907,
    "rouge_l": 0.3764764583589406
  }
}