{
  "detection": {
    "prec": 0.9879011046817464,
    "rec": 0.9480060575466935,
    "f1": 0.9675425038639877
  },
  "selection": {
    "mrr@5": 0.9005323716297442,
    "r@1": 0.8701700154559506,
    "r@5": 0.9376609994848016
  },
  "generation": {
    "bleu-1": 0.3743117830955186,
    "bleu-2": 0.2490685737864302,
    "bleu-3": 0.1693383673112126,
    "bleu-4": 0.11572904701913499,
    "meteor": 0.38542589023758356,
    "rouge_1": 0.41794244232976924,
    "rouge_2": 0.20804626996582615,
    "rouge_l": 0.37972584825927314
  }
}