{
  "detection": {
    "prec": 0.9933127572016461,
    "rec": 0.9747602221100454,
    "f1": 0.9839490445859873
  },
  "selection": {
    "mrr@5": 0.8907600849256899,
    "r@1": 0.8626751592356687,
    "r@5": 0.9314649681528662
  },
  "generation": {
    "bleu-1": 0.3657984140360991,
    "bleu-2": 0.23576491303975294,
    "bleu-3": 0.14958302129509965,
    "bleu-4": 0.10079124144852114,
    "meteor": 0.36833770677075733,
    "rouge_1": 0.4120189140578041,
    "rouge_2": 0.19357289491846338,
    "rouge_l": 0.36341281458395147
  }
}