{
  "detection": {
    "prec": 0.9933127572016461,
    "rec": 0.9747602221100454,
    "f1": 0.9839490445859873
  },
  "selection": {
    "mrr@5": 0.9112781316348192,
    "r@1": 0.8733757961783439,
    "r@5": 0.9605095541401273
  },
  "generation": {
    "bleu-1": 0.36912465393915106,
    "bleu-2": 0.2390001682066821,
    "bleu-3": 0.15236252780316173,
    "bleu-4": 0.10418735100270439,
    "meteor": 0.371370800999349,
    "rouge_1": 0.41538384270185286,
    "rouge_2": 0.19655171086474457,
    "rouge_l": 0.3676439736206647
  }
}