{
  "detection": {
    "prec": 0.9933127572016461,
    "rec": 0.9747602221100454,
    "f1": 0.9839490445859873
  },
  "selection": {
    "mrr@5": 0.9093248407643307,
    "r@1": 0.8713375796178345,
    "r@5": 0.9605095541401273
  },
  "generation": {
    "bleu-1": 0.36986087057026873,
    "bleu-2": 0.23936187421268582,
    "bleu-3": 0.1520019091535571,
    "bleu-4": 0.10324157621220846,
    "meteor": 0.3724190283238863,
    "rouge_1": 0.41644216971753234,
    "rouge_2": 0.19660452261702985,
    "rouge_l": 0.3687134314243437
  }
}