{
  "detection": {
    "prec": 0.9933127572016461,
    "rec": 0.9747602221100454,
    "f1": 0.9839490445859873
  },
  "selection": {
    "mrr@5": 0.8977409766454347,
    "r@1": 0.8662420382165604,
    "r@5": 0.9447133757961783
  },
  "generation": {
    "bleu-1": 0.3673451996750296,
    "bleu-2": 0.23626293902749723,
    "bleu-3": 0.14872027660619425,
    "bleu-4": 0.10076975455877717,
    "meteor": 0.3685243270267443,
    "rouge_1": 0.4135709873520481,
    "rouge_2": 0.19388468027425146,
    "rouge_l": 0.3643979227268645
  }
}