{
  "detection": {
    "prec": 0.9933127572016461,
    "rec": 0.9747602221100454,
    "f1": 0.9839490445859873
  },
  "selection": {
    "mrr@5": 0.895957537154989,
    "r@1": 0.8621656050955414,
    "r@5": 0.9447133757961783
  },
  "generation": {
    "bleu-1": 0.36605542267608815,
    "bleu-2": 0.23580659611523955,
    "bleu-3": 0.14854939868517794,
    "bleu-4": 0.10064991749820643,
    "meteor": 0.3677356393015808,
    "rouge_1": 0.4124410306389561,
    "rouge_2": 0.1938332174446223,
    "rouge_l": 0.36338275231459366
  }
}