{
  "detection": {
    "prec": 0.9964285714285714,
    "rec": 0.9858657243816255,
    "f1": 0.9911190053285969
  },
  "selection": {
    "mrr@5": 0.9395161972426624,
    "r@1": 0.9012940877949758,
    "r@5": 0.9840142095914743
  },
  "generation": {
    "bleu-1": 0.3765779644992387,
    "bleu-2": 0.2449329784466703,
    "bleu-3": 0.16007960365906804,
    "bleu-4": 0.11127679800231872,
    "meteor": 0.37951661936543374,
    "rouge_1": 0.42285855592791166,
    "rouge_2": 0.20357174601272898,
    "rouge_l": 0.380146781279633
  }
}