{
  "detection": {
    "prec": 0.9964285714285714,
    "rec": 0.9858657243816255,
    "f1": 0.9911190053285969
  },
  "selection": {
    "mrr@5": 0.9395161972426624,
    "r@1": 0.9012940877949758,
    "r@5": 0.9840142095914743
  },
  "generation": {
    "bleu-1": 0.38614673553264744,
    "bleu-2": 0.24953273182425265,
    "bleu-3": 0.1643468251250463,
    "bleu-4": 0.1147677368372253,
    "meteor": 0.38645348963946236,
    "rouge_1": 0.4316050024898192,
    "rouge_2": 0.2047954725219756,
    "rouge_l": 0.3853938692308418
  }
}