{
  "detection": {
    "prec": 0.9964285714285714,
    "rec": 0.9858657243816255,
    "f1": 0.9911190053285969
  },
  "selection": {
    "mrr@5": 0.9395161972426624,
    "r@1": 0.9012940877949758,
    "r@5": 0.9840142095914743
  },
  "generation": {
    "bleu-1": 0.38641751420340864,
    "bleu-2": 0.25394387704578836,
    "bleu-3": 0.16916261508677752,
    "bleu-4": 0.11900992704895558,
    "meteor": 0.3914239935193276,
    "rouge_1": 0.4331885040471551,
    "rouge_2": 0.21152165032173595,
    "rouge_l": 0.38850720542780837
  }
}