{
  "detection": {
    "prec": 0.9964285714285714,
    "rec": 0.9858657243816255,
    "f1": 0.9911190053285969
  },
  "selection": {
    "mrr@5": 0.9395161972426624,
    "r@1": 0.9012940877949758,
    "r@5": 0.9840142095914743
  },
  "generation": {
    "bleu-1": 0.38407190140346587,
    "bleu-2": 0.24791011479508823,
    "bleu-3": 0.16295517731637707,
    "bleu-4": 0.11385908098579406,
    "meteor": 0.3841429693004278,
    "rouge_1": 0.4295831752072931,
    "rouge_2": 0.20360342894789,
    "rouge_l": 0.38280766220394613
  }
}