{
  "detection": {
    "prec": 0.9964285714285714,
    "rec": 0.9858657243816255,
    "f1": 0.9911190053285969
  },
  "selection": {
    "mrr@5": 0.9395161972426624,
    "r@1": 0.9012940877949758,
    "r@5": 0.9840142095914743
  },
  "generation": {
    "bleu-1": 0.3879424492795464,
    "bleu-2": 0.25115416026953086,
    "bleu-3": 0.16576753053305993,
    "bleu-4": 0.11577147646764152,
    "meteor": 0.3885375460554806,
    "rouge_1": 0.43346754135205195,
    "rouge_2": 0.20605354183342783,
    "rouge_l": 0.3866565655098075
  }
}