{
  "detection": {
    "prec": 0.9924160346695557,
    "rec": 0.9247854618879354,
    "f1": 0.9574078912986674
  },
  "selection": {
    "mrr@5": 0.6768399965159831,
    "r@1": 0.5163313300235172,
    "r@5": 0.9051476352234127
  },
  "generation": {
    "bleu-1": 0.3153099731221616,
    "bleu-2": 0.18014780731152308,
    "bleu-3": 0.10232869435837286,
    "bleu-4": 0.06436693058814844,
    "meteor": 0.3109434605143282,
    "rouge_1": 0.35289715811335703,
    "rouge_2": 0.1399374431686996,
    "rouge_l": 0.31264945968295355
  }
}