{
  "detection": {
    "prec": 0.9838465421504291,
    "rec": 0.9838465421504291,
    "f1": 0.9838465421504291
  },
  "selection": {
    "mrr@5": 0.8809103146558976,
    "r@1": 0.8531044926804644,
    "r@5": 0.9293286219081273
  },
  "generation": {
    "bleu-1": 0.3371218552506654,
    "bleu-2": 0.19959428495097684,
    "bleu-3": 0.1174135540143434,
    "bleu-4": 0.07429869844213521,
    "meteor": 0.3340688925865058,
    "rouge_1": 0.3773197356862163,
    "rouge_2": 0.15759985726547476,
    "rouge_l": 0.33624642847052466
  }
}