{
  "detection": {
    "prec": 0.9945325314379442,
    "rec": 0.9182231196365472,
    "f1": 0.9548556430446195
  },
  "selection": {
    "mrr@5": 0.8474278215223097,
    "r@1": 0.8136482939632546,
    "r@5": 0.9070866141732284
  },
  "generation": {
    "bleu-1": 0.3276250495323796,
    "bleu-2": 0.1939501261407542,
    "bleu-3": 0.11625948886238278,
    "bleu-4": 0.07535629216201074,
    "meteor": 0.3254242457177166,
    "rouge_1": 0.36665145900650314,
    "rouge_2": 0.15340744646440738,
    "rouge_l": 0.32539199738262475
  }
}