{
  "detection": {
    "prec": 0.9838465421504291,
    "rec": 0.9838465421504291,
    "f1": 0.9838465421504291
  },
  "selection": {
    "mrr@5": 0.8842083123001858,
    "r@1": 0.8485613326602726,
    "r@5": 0.9464916708732963
  },
  "generation": {
    "bleu-1": 0.3361979205671118,
    "bleu-2": 0.19946747087712124,
    "bleu-3": 0.11863921559158674,
    "bleu-4": 0.07627282999200224,
    "meteor": 0.33300727181848955,
    "rouge_1": 0.376059634736098,
    "rouge_2": 0.1580380911203499,
    "rouge_l": 0.33335148857217906
  }
}