{
  "detection": {
    "prec": 0.992468134414832,
    "rec": 0.8647147905098436,
    "f1": 0.9241974642568115
  },
  "selection": {
    "mrr@5": 0.8166262026796152,
    "r@1": 0.7930941462098732,
    "r@5": 0.852980847046129
  },
  "generation": {
    "bleu-1": 0.3088531402528015,
    "bleu-2": 0.1821728047262548,
    "bleu-3": 0.10623363407670597,
    "bleu-4": 0.06675391104139922,
    "meteor": 0.3098925394058238,
    "rouge_1": 0.3460409923633633,
    "rouge_2": 0.1431926434687314,
    "rouge_l": 0.30345211549941586
  }
}