{
  "detection": {
    "prec": 0.992468134414832,
    "rec": 0.8647147905098436,
    "f1": 0.9241974642568115
  },
  "selection": {
    "mrr@5": 0.812795611905404,
    "r@1": 0.7882384677636903,
    "r@5": 0.8508227677367143
  },
  "generation": {
    "bleu-1": 0.315364794131835,
    "bleu-2": 0.19081356545726147,
    "bleu-3": 0.11231724395755598,
    "bleu-4": 0.07125597110765743,
    "meteor": 0.31590904091361066,
    "rouge_1": 0.35169926185872824,
    "rouge_2": 0.15070272206242194,
    "rouge_l": 0.3101163947110126
  }
}