{
  "detection": {
    "prec": 0.9962264150943396,
    "rec": 0.9328621908127208,
    "f1": 0.9635036496350365
  },
  "selection": {
    "mrr@5": 0.9154848800834201,
    "r@1": 0.8993743482794577,
    "r@5": 0.9343065693430657
  },
  "generation": {
    "bleu-1": 0.3793984079841336,
    "bleu-2": 0.24548233710339187,
    "bleu-3": 0.1612321737488968,
    "bleu-4": 0.10807509794662759,
    "meteor": 0.38637746280929935,
    "rouge_1": 0.41641049783164147,
    "rouge_2": 0.19760172698258763,
    "rouge_l": 0.3707121362471319
  }
}