{
  "detection": {
    "prec": 0.9962264150943396,
    "rec": 0.9328621908127208,
    "f1": 0.9635036496350365
  },
  "selection": {
    "mrr@5": 0.8596107055961072,
    "r@1": 0.7872784150156412,
    "r@5": 0.9473409801876955
  },
  "generation": {
    "bleu-1": 0.37481594246075245,
    "bleu-2": 0.2401650352599298,
    "bleu-3": 0.15639392764599117,
    "bleu-4": 0.10697138278431774,
    "meteor": 0.3795188419195314,
    "rouge_1": 0.41073820796958355,
    "rouge_2": 0.1923940788736856,
    "rouge_l": 0.3673278396522246
  }
}