{
  "detection": {
    "prec": 0.9962264150943396,
    "rec": 0.9328621908127208,
    "f1": 0.9635036496350365
  },
  "selection": {
    "mrr@5": 0.8876955161626695,
    "r@1": 0.8383733055265903,
    "r@5": 0.9447340980187696
  },
  "generation": {
    "bleu-1": 0.380622532027753,
    "bleu-2": 0.24496212144547494,
    "bleu-3": 0.1610574672225676,
    "bleu-4": 0.11162691086143478,
    "meteor": 0.38348114203535605,
    "rouge_1": 0.41731649381942476,
    "rouge_2": 0.197237350234427,
    "rouge_l": 0.3726490212816597
  }
}