{
  "detection": {
    "prec": 0.9962264150943396,
    "rec": 0.9328621908127208,
    "f1": 0.9635036496350365
  },
  "selection": {
    "mrr@5": 0.8596107055961072,
    "r@1": 0.7872784150156412,
    "r@5": 0.9473409801876955
  },
  "generation": {
    "bleu-1": 0.37492657470470586,
    "bleu-2": 0.23666684705546046,
    "bleu-3": 0.1525707201159113,
    "bleu-4": 0.10375904531781453,
    "meteor": 0.37923586275697907,
    "rouge_1": 0.41013392535153653,
    "rouge_2": 0.18783855766831192,
    "rouge_l": 0.3629647451501763
  }
}