{
  "detection": {
    "prec": 0.9962264150943396,
    "rec": 0.9328621908127208,
    "f1": 0.9635036496350365
  },
  "selection": {
    "mrr@5": 0.8596107055961072,
    "r@1": 0.7872784150156412,
    "r@5": 0.9473409801876955
  },
  "generation": {
    "bleu-1": 0.3752309096964554,
    "bleu-2": 0.24113801587124314,
    "bleu-3": 0.15841453171786168,
    "bleu-4": 0.10863697920764062,
    "meteor": 0.3805009783468153,
    "rouge_1": 0.4112042198556027,
    "rouge_2": 0.19402053603371006,
    "rouge_l": 0.3683418770613373
  }
}