{
  "detection": {
    "prec": 0.9993834771886559,
    "rec": 0.8182735991923271,
    "f1": 0.8998057174576742
  },
  "selection": {
    "mrr@5": 0.710870570820613,
    "r@1": 0.6872051068553983,
    "r@5": 0.7615875659172912
  },
  "generation": {
    "bleu-1": 0.30064463060712426,
    "bleu-2": 0.175138508445439,
    "bleu-3": 0.10446356950987785,
    "bleu-4": 0.06641944217898668,
    "meteor": 0.29558156581592543,
    "rouge_1": 0.33458692653849126,
    "rouge_2": 0.13711509025435872,
    "rouge_l": 0.29756206999223694
  }
}