{
  "detection": {
    "prec": 0.9993834771886559,
    "rec": 0.8182735991923271,
    "f1": 0.8998057174576742
  },
  "selection": {
    "mrr@5": 0.7141178647423445,
    "r@1": 0.6949764085484319,
    "r@5": 0.7471551484873716
  },
  "generation": {
    "bleu-1": 0.3025261848199979,
    "bleu-2": 0.178181458731982,
    "bleu-3": 0.1057896710110682,
    "bleu-4": 0.06714382600677873,
    "meteor": 0.3001393629738755,
    "rouge_1": 0.33657407714690996,
    "rouge_2": 0.13945734119998568,
    "rouge_l": 0.2990161686437993
  }
}