{
  "detection": {
    "prec": 0.9574257425742574,
    "rec": 0.9762746087834427,
    "f1": 0.9667583104223944
  },
  "selection": {
    "mrr@5": 0.8732150295759387,
    "r@1": 0.820294926268433,
    "r@5": 0.9377655586103474
  },
  "generation": {
    "bleu-1": 0.3368217283490101,
    "bleu-2": 0.20468411300259756,
    "bleu-3": 0.1252303729714798,
    "bleu-4": 0.08101556125368903,
    "meteor": 0.33416767915643625,
    "rouge_1": 0.3762232433501725,
    "rouge_2": 0.16297659906753825,
    "rouge_l": 0.33636863724869076
  }
}