{
  "detection": {
    "prec": 0.9574257425742574,
    "rec": 0.9762746087834427,
    "f1": 0.9667583104223944
  },
  "selection": {
    "mrr@5": 0.8732150295759387,
    "r@1": 0.820294926268433,
    "r@5": 0.9377655586103474
  },
  "generation": {
    "bleu-1": 0.32162150032463177,
    "bleu-2": 0.1922709250461953,
    "bleu-3": 0.11454368811515561,
    "bleu-4": 0.07120101318865626,
    "meteor": 0.32052426027741787,
    "rouge_1": 0.36114364922797115,
    "rouge_2": 0.15191066105532094,
    "rouge_l": 0.3223351732718593
  }
}