{
  "detection": {
    "prec": 0.967032967032967,
    "rec": 0.9772841998990409,
    "f1": 0.9721315591262867
  },
  "selection": {
    "mrr@5": 0.8786258264289893,
    "r@1": 0.825508410745669,
    "r@5": 0.9435099171478786
  },
  "generation": {
    "bleu-1": 0.3333101698614059,
    "bleu-2": 0.19943903468746646,
    "bleu-3": 0.11858523090061411,
    "bleu-4": 0.07502257620321424,
    "meteor": 0.32959716230809527,
    "rouge_1": 0.3728092478190035,
    "rouge_2": 0.15779918370064983,
    "rouge_l": 0.3305328752160966
  }
}