{
  "detection": {
    "prec": 0.967032967032967,
    "rec": 0.9772841998990409,
    "f1": 0.9721315591262867
  },
  "selection": {
    "mrr@5": 0.8786258264289893,
    "r@1": 0.825508410745669,
    "r@5": 0.9435099171478786
  },
  "generation": {
    "bleu-1": 0.3336310664892538,
    "bleu-2": 0.1975506130439916,
    "bleu-3": 0.11510769936519395,
    "bleu-4": 0.0713251715275563,
    "meteor": 0.3310946530411737,
    "rouge_1": 0.37431996405788265,
    "rouge_2": 0.1552214459204688,
    "rouge_l": 0.333168174319034
  }
}