{
  "detection": {
    "prec": 0.967032967032967,
    "rec": 0.9772841998990409,
    "f1": 0.9721315591262867
  },
  "selection": {
    "mrr@5": 0.8786258264289893,
    "r@1": 0.825508410745669,
    "r@5": 0.9435099171478786
  },
  "generation": {
    "bleu-1": 0.3268029114681499,
    "bleu-2": 0.19418432590404705,
    "bleu-3": 0.11150356478012635,
    "bleu-4": 0.06913005897962171,
    "meteor": 0.32317387930748237,
    "rouge_1": 0.36580965250190806,
    "rouge_2": 0.15166711756676332,
    "rouge_l": 0.32454294843118076
  }
}