{
  "detection": {
    "prec": 0.9904868494683827,
    "rec": 0.8934881373043917,
    "f1": 0.9394904458598726
  },
  "selection": {
    "mrr@5": 0.814578910120311,
    "r@1": 0.762208067940552,
    "r@5": 0.8832271762208068
  },
  "generation": {
    "bleu-1": 0.3180894157649937,
    "bleu-2": 0.18846445276014484,
    "bleu-3": 0.1121179618719929,
    "bleu-4": 0.07191751075780058,
    "meteor": 0.3153624852896637,
    "rouge_1": 0.3567196662211449,
    "rouge_2": 0.1490675687588231,
    "rouge_l": 0.32001386325794384
  }
}