{
  "detection": {
    "prec": 0.9977641140301845,
    "rec": 0.901060070671378,
    "f1": 0.9469496021220158
  },
  "selection": {
    "mrr@5": 0.9136958443854997,
    "r@1": 0.8885941644562335,
    "r@5": 0.9427055702917773
  },
  "generation": {
    "bleu-1": 0.35337828650102604,
    "bleu-2": 0.22523482306736084,
    "bleu-3": 0.14463933630184353,
    "bleu-4": 0.09654397175081776,
    "meteor": 0.3565199106546755,
    "rouge_1": 0.394436923222711,
    "rouge_2": 0.18348791384621332,
    "rouge_l": 0.35185609980138605
  }
}