{
  "detection": {
    "prec": 0.9842476914720261,
    "rec": 0.9146895507319536,
    "f1": 0.9481946624803768
  },
  "selection": {
    "mrr@5": 0.9093581022152448,
    "r@1": 0.8801674515960232,
    "r@5": 0.9429618001046572
  },
  "generation": {
    "bleu-1": 0.34846313031315473,
    "bleu-2": 0.2209963285382827,
    "bleu-3": 0.14269146736247898,
    "bleu-4": 0.09271678392772141,
    "meteor": 0.349686387368206,
    "rouge_1": 0.38841341092099646,
    "rouge_2": 0.17966954614815808,
    "rouge_l": 0.3468538736440252
  }
}