{
  "detection": {
    "prec": 0.9988944168048646,
    "rec": 0.9121655729429581,
    "f1": 0.9535620052770449
  },
  "selection": {
    "mrr@5": 0.9160861917326295,
    "r@1": 0.8907651715039577,
    "r@5": 0.9477572559366755
  },
  "generation": {
    "bleu-1": 0.34569616938076003,
    "bleu-2": 0.21653275014675508,
    "bleu-3": 0.13843740878590852,
    "bleu-4": 0.0919794616283101,
    "meteor": 0.34962460259391287,
    "rouge_1": 0.3858500731608523,
    "rouge_2": 0.17533628047280816,
    "rouge_l": 0.34366262704427125
  }
}