{
  "detection": {
    "prec": 0.9983704508419338,
    "rec": 0.92781423523473,
    "f1": 0.9618001046572475
  },
  "selection": {
    "mrr@5": 0.9232687946973659,
    "r@1": 0.8958660387231816,
    "r@5": 0.9555206698063841
  },
  "generation": {
    "bleu-1": 0.3522606827378579,
    "bleu-2": 0.2225283969499823,
    "bleu-3": 0.14307458497007092,
    "bleu-4": 0.09288797425904724,
    "meteor": 0.35265622944875524,
    "rouge_1": 0.39266386710554957,
    "rouge_2": 0.1805763685263762,
    "rouge_l": 0.3499594773789568
  }
}