{
  "detection": {
    "prec": 0.9941458222458754,
    "rec": 0.9429581019687027,
    "f1": 0.9678756476683937
  },
  "selection": {
    "mrr@5": 0.9181088082901553,
    "r@1": 0.8870466321243523,
    "r@5": 0.9554404145077722
  },
  "generation": {
    "bleu-1": 0.372627398376525,
    "bleu-2": 0.2401542644187137,
    "bleu-3": 0.1556015067804849,
    "bleu-4": 0.10644539772403579,
    "meteor": 0.3801561975775395,
    "rouge_1": 0.41030943805658365,
    "rouge_2": 0.19355056427505693,
    "rouge_l": 0.36648595360414793
  }
}