{
  "detection": {
    "prec": 0.9911087866108786,
    "rec": 0.9565875820292782,
    "f1": 0.9735422553300798
  },
  "selection": {
    "mrr@5": 0.9214401917972427,
    "r@1": 0.8882609812483945,
    "r@5": 0.9612124325712817
  },
  "generation": {
    "bleu-1": 0.377991773204475,
    "bleu-2": 0.244916354709457,
    "bleu-3": 0.15940981081214067,
    "bleu-4": 0.10878920403546131,
    "meteor": 0.38530007561586443,
    "rouge_1": 0.4167458777439718,
    "rouge_2": 0.19780152874546406,
    "rouge_l": 0.3726866327657377
  }
}