{
  "detection": {
    "prec": 0.9953940634595702,
    "rec": 0.9818273599192328,
    "f1": 0.9885641677255401
  },
  "selection": {
    "mrr@5": 0.9503854299025835,
    "r@1": 0.9235069885641678,
    "r@5": 0.981448538754765
  },
  "generation": {
    "bleu-1": 0.22427919858445292,
    "bleu-2": 0.153661615830194,
    "bleu-3": 0.09984701627759096,
    "bleu-4": 0.06628212055930413,
    "meteor": 0.288655018721672,
    "rouge_1": 0.3530325801161858,
    "rouge_2": 0.1854650190292249,
    "rouge_l": 0.3149601973613214
  }
}