{
  "detection": {
    "prec": 0.9953940634595702,
    "rec": 0.9818273599192328,
    "f1": 0.9885641677255401
  },
  "selection": {
    "mrr@5": 0.9503854299025835,
    "r@1": 0.9235069885641678,
    "r@5": 0.981448538754765
  },
  "generation": {
    "bleu-1": 0.38026010142639877,
    "bleu-2": 0.24487376695718327,
    "bleu-3": 0.1590055799929338,
    "bleu-4": 0.10810714013037473,
    "meteor": 0.3869070368365862,
    "rouge_1": 0.41915929328569934,
    "rouge_2": 0.19760187196580614,
    "rouge_l": 0.3738459612840118
  }
}