{
  "detection": {
    "prec": 0.9953940634595702,
    "rec": 0.9818273599192328,
    "f1": 0.9885641677255401
  },
  "selection": {
    "mrr@5": 0.9503854299025835,
    "r@1": 0.9235069885641678,
    "r@5": 0.981448538754765
  },
  "generation": {
    "bleu-1": 0.3734649835193708,
    "bleu-2": 0.240249243941792,
    "bleu-3": 0.1550240820603303,
    "bleu-4": 0.10449170067922976,
    "meteor": 0.3814720474453097,
    "rouge_1": 0.41317643798148546,
    "rouge_2": 0.1939894227163609,
    "rouge_l": 0.36846068933010373
  }
}