{
  "detection": {
    "prec": 0.9916434540389972,
    "rec": 0.8985360928823827,
    "f1": 0.9427966101694916
  },
  "selection": {
    "mrr@5": 0.7587835451977402,
    "r@1": 0.7055084745762713,
    "r@5": 0.833686440677966
  },
  "generation": {
    "bleu-1": 0.3217605743583333,
    "bleu-2": 0.19299323442936153,
    "bleu-3": 0.11448933493659122,
    "bleu-4": 0.07062041877349805,
    "meteor": 0.32664014719176315,
    "rouge_1": 0.35755682694164936,
    "rouge_2": 0.15126577018548512,
    "rouge_l": 0.3173979073401269
  }
}