{
  "detection": {
    "prec": 0.9916434540389972,
    "rec": 0.8985360928823827,
    "f1": 0.9427966101694916
  },
  "selection": {
    "mrr@5": 0.7539106638418082,
    "r@1": 0.694385593220339,
    "r@5": 0.84375
  },
  "generation": {
    "bleu-1": 0.31601390937308316,
    "bleu-2": 0.18931039880578074,
    "bleu-3": 0.11311338315492142,
    "bleu-4": 0.07286944654880156,
    "meteor": 0.3163153006764018,
    "rouge_1": 0.3549118567531709,
    "rouge_2": 0.15063682364789557,
    "rouge_l": 0.31587676729094094
  }
}