{
  "detection": {
    "prec": 0.9916434540389972,
    "rec": 0.8985360928823827,
    "f1": 0.9427966101694916
  },
  "selection": {
    "mrr@5": 0.7587835451977402,
    "r@1": 0.7055084745762713,
    "r@5": 0.833686440677966
  },
  "generation": {
    "bleu-1": 0.32098975330698565,
    "bleu-2": 0.1936020644955129,
    "bleu-3": 0.11754012680554256,
    "bleu-4": 0.07424828951257877,
    "meteor": 0.3260102751408932,
    "rouge_1": 0.3572016140919807,
    "rouge_2": 0.15276475674759332,
    "rouge_l": 0.31791157859036484
  }
}