{
  "detection": {
    "prec": 0.9916434540389972,
    "rec": 0.8985360928823827,
    "f1": 0.9427966101694916
  },
  "selection": {
    "mrr@5": 0.7539106638418082,
    "r@1": 0.694385593220339,
    "r@5": 0.84375
  },
  "generation": {
    "bleu-1": 0.31159381719684076,
    "bleu-2": 0.1841238441727901,
    "bleu-3": 0.11004833535903487,
    "bleu-4": 0.07099306697088519,
    "meteor": 0.30920231576416096,
    "rouge_1": 0.3509734294813495,
    "rouge_2": 0.1466414601884923,
    "rouge_l": 0.31298490712627025
  }
}