{
  "detection": {
    "prec": 0.9932642487046632,
    "rec": 0.9676930843008581,
    "f1": 0.9803119406801328
  },
  "selection": {
    "mrr@5": 0.919517599931816,
    "r@1": 0.8974686780874457,
    "r@5": 0.9460496036819227
  },
  "generation": {
    "bleu-1": 0.37711300297471745,
    "bleu-2": 0.25174159952146097,
    "bleu-3": 0.17148130806416734,
    "bleu-4": 0.11645315809481627,
    "meteor": 0.39147213563219235,
    "rouge_1": 0.41950356364098884,
    "rouge_2": 0.20962689428724357,
    "rouge_l": 0.3750701022687833
  }
}