{
  "detection": {
    "prec": 0.9932642487046632,
    "rec": 0.9676930843008581,
    "f1": 0.9803119406801328
  },
  "selection": {
    "mrr@5": 0.9122730759396573,
    "r@1": 0.8867297366402456,
    "r@5": 0.950140628995142
  },
  "generation": {
    "bleu-1": 0.36384194410042425,
    "bleu-2": 0.24276806176765933,
    "bleu-3": 0.16216559075328557,
    "bleu-4": 0.10830379976077281,
    "meteor": 0.3771171838130243,
    "rouge_1": 0.40798205141180083,
    "rouge_2": 0.2031281395333769,
    "rouge_l": 0.3651404142146164
  }
}