{
  "detection": {
    "prec": 0.9932642487046632,
    "rec": 0.9676930843008581,
    "f1": 0.9803119406801328
  },
  "selection": {
    "mrr@5": 0.9189039461348333,
    "r@1": 0.8928662746100742,
    "r@5": 0.9583226796215801
  },
  "generation": {
    "bleu-1": 0.3743919431970334,
    "bleu-2": 0.24934353154358813,
    "bleu-3": 0.16917150952696772,
    "bleu-4": 0.11665753924532538,
    "meteor": 0.38586580473674875,
    "rouge_1": 0.4178854227239083,
    "rouge_2": 0.20837499316093172,
    "rouge_l": 0.37505616961445865
  }
}