{
  "detection": {
    "prec": 0.9932642487046632,
    "rec": 0.9676930843008581,
    "f1": 0.9803119406801328
  },
  "selection": {
    "mrr@5": 0.919517599931816,
    "r@1": 0.8974686780874457,
    "r@5": 0.9460496036819227
  },
  "generation": {
    "bleu-1": 0.3779286588290724,
    "bleu-2": 0.2532113037347151,
    "bleu-3": 0.1731323280206935,
    "bleu-4": 0.11749003422612345,
    "meteor": 0.39312729395439083,
    "rouge_1": 0.4204186507435953,
    "rouge_2": 0.2112973361864461,
    "rouge_l": 0.3764717317269166
  }
}