{
  "detection": {
    "prec": 0.9932642487046632,
    "rec": 0.9676930843008581,
    "f1": 0.9803119406801328
  },
  "selection": {
    "mrr@5": 0.9189039461348333,
    "r@1": 0.8928662746100742,
    "r@5": 0.9583226796215801
  },
  "generation": {
    "bleu-1": 0.37619896862329916,
    "bleu-2": 0.251161104330328,
    "bleu-3": 0.17030534244973813,
    "bleu-4": 0.11562766495400224,
    "meteor": 0.3902431473351193,
    "rouge_1": 0.4187881599802203,
    "rouge_2": 0.20922419218855967,
    "rouge_l": 0.37454052172121205
  }
}