{
  "detection": {
    "prec": 0.9988297249853716,
    "rec": 0.8616860171630489,
    "f1": 0.9252032520325203
  },
  "selection": {
    "mrr@5": 0.7404155374887079,
    "r@1": 0.6466124661246613,
    "r@5": 0.8666666666666667
  },
  "generation": {
    "bleu-1": 0.30189542836818606,
    "bleu-2": 0.17377666014856938,
    "bleu-3": 0.10088207744753477,
    "bleu-4": 0.06387054482305893,
    "meteor": 0.297443440435524,
    "rouge_1": 0.336730963574322,
    "rouge_2": 0.13475450805519695,
    "rouge_l": 0.30028958173854786
  }
}