{
  "detection": {
    "prec": 0.9988297249853716,
    "rec": 0.8616860171630489,
    "f1": 0.9252032520325203
  },
  "selection": {
    "mrr@5": 0.7404155374887079,
    "r@1": 0.6466124661246613,
    "r@5": 0.8666666666666667
  },
  "generation": {
    "bleu-1": 0.2944065712387572,
    "bleu-2": 0.16728266936989333,
    "bleu-3": 0.09693216788866943,
    "bleu-4": 0.060934141401602804,
    "meteor": 0.2907779020723446,
    "rouge_1": 0.3301458651639285,
    "rouge_2": 0.13094489201351303,
    "rouge_l": 0.2955369724708269
  }
}