{
  "detection": {
    "prec": 0.9988297249853716,
    "rec": 0.8616860171630489,
    "f1": 0.9252032520325203
  },
  "selection": {
    "mrr@5": 0.7404155374887079,
    "r@1": 0.6466124661246613,
    "r@5": 0.8666666666666667
  },
  "generation": {
    "bleu-1": 0.2974030440492072,
    "bleu-2": 0.16924706198517683,
    "bleu-3": 0.09799777440941548,
    "bleu-4": 0.06008226981353902,
    "meteor": 0.2913040058659743,
    "rouge_1": 0.3333886921654412,
    "rouge_2": 0.13224903494885185,
    "rouge_l": 0.29571462930541564
  }
}