{
  "detection": {
    "prec": 0.9988297249853716,
    "rec": 0.8616860171630489,
    "f1": 0.9252032520325203
  },
  "selection": {
    "mrr@5": 0.7404155374887079,
    "r@1": 0.6466124661246613,
    "r@5": 0.8666666666666667
  },
  "generation": {
    "bleu-1": 0.2972775895314294,
    "bleu-2": 0.170578209073163,
    "bleu-3": 0.10156707779521743,
    "bleu-4": 0.0643749763832483,
    "meteor": 0.293348597770601,
    "rouge_1": 0.3326820090258517,
    "rouge_2": 0.13407779579232115,
    "rouge_l": 0.2959400464421997
  }
}