{
  "detection": {
    "prec": 0.9933296275708727,
    "rec": 0.9020696617869762,
    "f1": 0.9455026455026454
  },
  "selection": {
    "mrr@5": 0.7262874779541448,
    "r@1": 0.6201058201058202,
    "r@5": 0.8772486772486772
  },
  "generation": {
    "bleu-1": 0.3031136579944249,
    "bleu-2": 0.17320146473519762,
    "bleu-3": 0.10051151839119879,
    "bleu-4": 0.06553346347181949,
    "meteor": 0.2983006662910895,
    "rouge_1": 0.33857928542717075,
    "rouge_2": 0.1364435609120362,
    "rouge_l": 0.30385885087916276
  }
}