{
  "detection": {
    "prec": 0.9935760171306209,
    "rec": 0.9369005552751136,
    "f1": 0.9644063393089115
  },
  "selection": {
    "mrr@5": 0.8914176842469904,
    "r@1": 0.852689010132502,
    "r@5": 0.950896336710834
  },
  "generation": {
    "bleu-1": 0.33377948081515907,
    "bleu-2": 0.1998746190991019,
    "bleu-3": 0.11794748746929927,
    "bleu-4": 0.07547127839789897,
    "meteor": 0.3322258964781545,
    "rouge_1": 0.375054743947921,
    "rouge_2": 0.15834145344590095,
    "rouge_l": 0.33294747457089513
  }
}