{
  "detection": {
    "prec": 0.9935760171306209,
    "rec": 0.9369005552751136,
    "f1": 0.9644063393089115
  },
  "selection": {
    "mrr@5": 0.8933662423140208,
    "r@1": 0.8547674720706677,
    "r@5": 0.9514159521953754
  },
  "generation": {
    "bleu-1": 0.32431031890440065,
    "bleu-2": 0.18860915905901646,
    "bleu-3": 0.1095919608244165,
    "bleu-4": 0.06954959275855485,
    "meteor": 0.3190919737707798,
    "rouge_1": 0.36408988561584166,
    "rouge_2": 0.1484519908222395,
    "rouge_l": 0.3230369993509099
  }
}