{
  "detection": {
    "prec": 0.9935760171306209,
    "rec": 0.9369005552751136,
    "f1": 0.9644063393089115
  },
  "selection": {
    "mrr@5": 0.8944574348315579,
    "r@1": 0.8584047804624577,
    "r@5": 0.950896336710834
  },
  "generation": {
    "bleu-1": 0.33225406828625864,
    "bleu-2": 0.19899812247075035,
    "bleu-3": 0.11769034778230854,
    "bleu-4": 0.07367175339115767,
    "meteor": 0.32907465990643386,
    "rouge_1": 0.37250960578405534,
    "rouge_2": 0.15774648182943088,
    "rouge_l": 0.3330063836868676
  }
}