{
  "detection": {
    "prec": 0.9935760171306209,
    "rec": 0.9369005552751136,
    "f1": 0.9644063393089115
  },
  "selection": {
    "mrr@5": 0.8876504719840648,
    "r@1": 0.8474928552870876,
    "r@5": 0.946219797349961
  },
  "generation": {
    "bleu-1": 0.33071049691230375,
    "bleu-2": 0.19905942294858225,
    "bleu-3": 0.12025464992730149,
    "bleu-4": 0.07811253804142652,
    "meteor": 0.32989162355842944,
    "rouge_1": 0.37199586698376114,
    "rouge_2": 0.15967662791865259,
    "rouge_l": 0.3322667813743088
  }
}