{
  "detection": {
    "prec": 0.9935760171306209,
    "rec": 0.9369005552751136,
    "f1": 0.9644063393089115
  },
  "selection": {
    "mrr@5": 0.8936433705724431,
    "r@1": 0.8578851649779163,
    "r@5": 0.9493374902572096
  },
  "generation": {
    "bleu-1": 0.3271444071595081,
    "bleu-2": 0.19489703646000364,
    "bleu-3": 0.11455721930067207,
    "bleu-4": 0.07334499749557716,
    "meteor": 0.32658926637767816,
    "rouge_1": 0.36865393892427206,
    "rouge_2": 0.1553488643298628,
    "rouge_l": 0.3280970729290005
  }
}